Reddit group name,Reddit group URL,Message to post
r/slatestarcodex,https://www.reddit.com/r/slatestarcodex/,"Title: Spencer Greenberg's book 'The 12 Levers' - live NYC launch, Tue July 28

Many here know Spencer Greenberg (Clearer Thinking). He and clinical psychologist Jeremy Stevenson spent years pulling ~500 techniques from 106 self-help books and 23 therapies and found they reduce to 12 that actually hold up empirically. Live launch + Q&A + signing in NYC, Tue July 28, 6:30-8 PM. If you're in the city and like the rigorous end of self-improvement, this is your crowd: https://www.eventbrite.com/e/the-12-levers-book-launch-w-spencer-greenberg-jeremy-stevenson-tickets-1992721791521?aff=oddtdtcreator"
r/nyc,https://www.reddit.com/r/nyc/,"Title: Evidence-based psychology book launch in the city - Tue July 28

Sharing a local event for anyone into non-BS self-improvement. Mathematician Spencer Greenberg and clinical psychologist Jeremy Stevenson are launching 'The 12 Levers' - 500+ self-help techniques distilled down to the 12 that survive scrutiny. Talk, Q&A, and book signing, Tue July 28, 6:30-8 PM. Full disclosure, I work with the team behind it. Details/tickets: https://www.eventbrite.com/e/the-12-levers-book-launch-w-spencer-greenberg-jeremy-stevenson-tickets-1992721791521?aff=oddtdtcreator"
r/AskNYC,https://www.reddit.com/r/AskNYC/,"Title: Something different this month: a psychology book launch (Tue July 28)

For anyone hunting for a weeknight thing to do - authors Spencer Greenberg & Jeremy Stevenson are hosting a live launch for 'The 12 Levers' (evidence-based psychology; 500+ techniques boiled down to 12) on Tue July 28, 6:30-8 PM in NYC. Includes a Q&A and book signing. Info here: https://www.eventbrite.com/e/the-12-levers-book-launch-w-spencer-greenberg-jeremy-stevenson-tickets-1992721791521?aff=oddtdtcreator"
r/newyorkcity,https://www.reddit.com/r/newyorkcity/,"Title: Author talk + Q&A in NYC - the science behind self-help, Tue July 28

If 'self-help' usually makes you roll your eyes, this one's different: Spencer Greenberg (applied math PhD) and Jeremy Stevenson (clinical psychologist) reviewed ~500 techniques and kept the 12 with real evidence behind them. Live launch of 'The 12 Levers' - talk, Q&A, signing - Tue July 28, 6:30-8 PM. Tickets: https://www.eventbrite.com/e/the-12-levers-book-launch-w-spencer-greenberg-jeremy-stevenson-tickets-1992721791521?aff=oddtdtcreator"
r/Brooklyn,https://www.reddit.com/r/Brooklyn/,"Title: Brooklyn folks into psych/self-improvement - book launch Tue July 28

Heads-up for anyone who'd cross the bridge for a good author talk: 'The 12 Levers' by Spencer Greenberg & Jeremy Stevenson launches with a live NYC event Tue July 28, 6:30-8 PM. It's the 'we read all the self-help so you don't have to' book - 500 techniques, 12 that work - plus Q&A and signing. Details: https://www.eventbrite.com/e/the-12-levers-book-launch-w-spencer-greenberg-jeremy-stevenson-tickets-1992721791521?aff=oddtdtcreator"
r/Manhattan,https://www.reddit.com/r/Manhattan/,"Title: Weeknight author event in Manhattan - Tue July 28

A live book launch for people who like their self-improvement backed by research: Spencer Greenberg and Jeremy Stevenson present 'The 12 Levers', their distillation of ~500 psychological techniques into 12 core strategies. Talk + Q&A + signing, Tue July 28, 6:30-8 PM. Grab a spot: https://www.eventbrite.com/e/the-12-levers-book-launch-w-spencer-greenberg-jeremy-stevenson-tickets-1992721791521?aff=oddtdtcreator"
r/BettermentBookClub,https://www.reddit.com/r/BettermentBookClub/,"Title: New release that fits this sub perfectly - 'The 12 Levers' (launch July 28)

This one seems tailor-made for this community: two researchers catalogued ~500 techniques from 106 self-help books and 23 therapies, then compressed them into 12 evidence-based 'levers.' If you're NYC-based, there's a live launch + Q&A + signing on Tue July 28, 6:30-8 PM; otherwise the book's out that day too. Event link: https://www.eventbrite.com/e/the-12-levers-book-launch-w-spencer-greenberg-jeremy-stevenson-tickets-1992721791521?aff=oddtdtcreator"
r/suggestmeabook,https://www.reddit.com/r/suggestmeabook/,"Title: For anyone who wants self-help without the fluff - 'The 12 Levers'

If you've ever wanted the evidence-based version of self-help, this is a strong pick: Spencer Greenberg & Jeremy Stevenson reviewed ~500 techniques and kept the 12 that actually work, drawing from CBT/ACT/DBT. Releasing July 28. If you're in NYC, they're doing a live launch + signing that evening: https://www.eventbrite.com/e/the-12-levers-book-launch-w-spencer-greenberg-jeremy-stevenson-tickets-1992721791521?aff=oddtdtcreator"
r/nonfictionbooks,https://www.reddit.com/r/nonfictionbooks/,"Title: 'The 12 Levers' - 500 self-help techniques, distilled by researchers (out July 28)

Nonfiction readers might appreciate the methodology here: rather than another opinion-based self-help book, the authors (an applied mathematician and a clinical psychologist) systematically reduced ~500 techniques from 106 books and 23 therapies into 12. NYC launch event + Q&A + signing on Tue July 28, 6:30-8 PM. Details: https://www.eventbrite.com/e/the-12-levers-book-launch-w-spencer-greenberg-jeremy-stevenson-tickets-1992721791521?aff=oddtdtcreator"
r/psychology,https://www.reddit.com/r/psychology/,"Title: Clinical psychologist + mathematician distilled 23 therapies into 12 techniques - launch July 28

Might interest this sub: Jeremy Stevenson (clinical psych, PhD; dissertation on self-compassion & social anxiety) and Spencer Greenberg systematically mapped ~500 techniques across CBT, ACT, DBT, and Schema Therapy down to 12 core mechanisms. Live launch + Q&A in NYC, Tue July 28, 6:30-8 PM. Event: https://www.eventbrite.com/e/the-12-levers-book-launch-w-spencer-greenberg-jeremy-stevenson-tickets-1992721791521?aff=oddtdtcreator"
